{"presets":
  {"Social":
    {"txt_update": "Update",
     "txt_add_to_cart": "Add to Cart",
     "txt_search_again": "You can try another search term up top or",
     "txt_instructions": "Instructions for the order",
     "txt_unavail_long": "This product is temporarily unavailable.",
     "txt_img_zoom": "Click for full quality image",
     "sale_price_underline": "#EBB5B5",
     "txt_posted_in": "Posted In",
     "use_logo_image": false,
     "fb_country": "",
     "txt_subtotal": "Subtotal",
     "fb_adminid": "",
     "activity_enabled": true,
     "txt_continue_shopping": "Continue Shopping",
     "note_enabled": false,
     "fb_indexchoice": "likebox",
     "txt_empty_cart": "Your cart is empty.",
     "fb_locality": "",
     "accent_color_light": "#6D84B4",
     "txt_404_desc2": "You can try searching for the page you were looking for with the search bar in the top right.",
     "txt_edit_cart": "Edit Cart",
     "txt_comment_this": "Comment on this",
     "bg_repeat": "repeat-x",
     "txt_checkout_support": "We also support these checkout options",
     "txt_404_desc": "The page you were looking for does not exist.",
     "txt_cart": "Cart",
     "search_bg_color": "#FFFFFF",
     "customer_layout": "customer_area",
     "border_color": "#E0E0E0",
     "txt_no_results": "We Couldn't Find Anything for",
     "fb_pageurl": "facebook.com/pages/Social-Theme/246831058668251",
     "regular_font_size": "11px",
     "product_image_bg_color": "#000000",
     "txt_loading_tweets": "Hold on, loading tweets...",
     "secondary_color": "#949494",
     "fb_region": "",
     "txt_checkout": "Checkout",
     "accent_color": "#3B5998",
     "use_bg_image": true,
     "active_bg_color": "#FAFAFA",
     "txt_unavail": "Unavailable",
     "txt_sold_out": "Sold Out",
     "active_border_color": "#E5E5E5",
     "txt_no_photos": "No product photos added yet",
     "product_description_position": "top",
     "txt_404_title": "Oops, we couldn't find this page!",
     "bg_color": "#FFFFFF",
     "text_color": "#333333",
     "txt_results_for": "Search Results for",
     "plusone_enabled": false,
     "sale_color": "#FF0000",
     "bg_image": "default",
     "txt_featured": "Check out some of our featured products",
     "txt_remove": "Remove item from cart",
     "product_comments_enabled": true,
     "header_font": "Droid+Sans",
     "txt_most_popular": "Most Popular",
     "txt_empty_collection": "Nothing in this collection yet.",
     "recommendations_enabled": true,
     "txt_search": "Search",
     "twitterID": "shopify",
     "price_underline": "#CAD4E7",
     "txt_friend": "Friend Activity",
     "icon_color": "blue",
     "regular_font": "Lucida Grande",
     "txt_sale": "Sale",
     "blog_comments_enabled": true,
     "overlay_opacity": "0.3",
     "fb_colorscheme": "light",
     "accent_color_dark": "#071125"},
   "trig":
    {"txt_update": "Update",
     "txt_add_to_cart": "Add to Cart",
     "txt_search_again": "You can try another search term up top or",
     "txt_instructions": "Instructions for the order",
     "txt_unavail_long": "This product is temporarily unavailable.",
     "txt_img_zoom": "Click for full quality image",
     "sale_price_underline": "#780000",
     "txt_posted_in": "Posted In",
     "use_logo_image": false,
     "fb_country": "",
     "txt_subtotal": "Subtotal",
     "fb_adminid": "",
     "activity_enabled": true,
     "txt_continue_shopping": "Continue Shopping",
     "note_enabled": false,
     "fb_indexchoice": "recommendations",
     "txt_empty_cart": "Your cart is empty.",
     "fb_locality": "",
     "accent_color_light": "#888888",
     "txt_404_desc2": "You can try searching for the page you were looking for with the search bar in the top right.",
     "txt_edit_cart": "Edit Cart",
     "txt_comment_this": "Comment on this",
     "bg_repeat": "repeat",
     "txt_checkout_support": "We also support these checkout options",
     "txt_404_desc": "The page you were looking for does not exist.",
     "txt_cart": "Cart",
     "search_bg_color": "#222222",
     "customer_layout": "customer_area",
     "border_color": "#444444",
     "txt_no_results": "We Couldn't Find Anything for",
     "fb_pageurl": "facebook.com/shopify",
     "regular_font_size": "11px",
     "product_image_bg_color": "#333333",
     "txt_loading_tweets": "Hold on, loading tweets...",
     "secondary_color": "#888888",
     "fb_region": "",
     "txt_checkout": "Checkout",
     "accent_color": "#eeeeee",
     "use_bg_image": true,
     "active_bg_color": "#222222",
     "txt_unavail": "Unavailable",
     "txt_sold_out": "Sold Out",
     "active_border_color": "#222222",
     "txt_no_photos": "No product photos added yet",
     "product_description_position": "top",
     "txt_404_title": "Oops, we couldn't find this page!",
     "bg_color": "#222222",
     "text_color": "#eeeeee",
     "txt_results_for": "Search Results for",
     "plusone_enabled": false,
     "sale_color": "#ff0000",
     "bg_image": "trig",
     "txt_featured": "Check out some of our featured products",
     "txt_remove": "Remove item from cart",
     "product_comments_enabled": true,
     "header_font": "Droid+Sans",
     "txt_most_popular": "Most Popular",
     "txt_empty_collection": "Nothing in this collection yet.",
     "recommendations_enabled": false,
     "txt_search": "Search",
     "twitterID": "shopify",
     "price_underline": "#777777",
     "txt_friend": "Friend Activity",
     "icon_color": "none",
     "regular_font": "Droid Sans",
     "blog_comments_enabled": true,
     "txt_sale": "Sale",
     "accent_color_dark": "#eeeeee",
     "fb_colorscheme": "dark",
     "overlay_opacity": "0.9"}},
 "current": "Social"}